{
	"format_version": "1.8.0",
	"animations": {
		"punch": {
			"animation_length": 0.25,
			"bones": {
				"left_hand_rotation": {
					"rotation": {
						"0.0": {
							"vector": [0, 0, 0]
						},
						"0.0833": {
							"vector": [-20.8546, 22.1979, -103.94762]
						},
						"0.1667": {
							"vector": [20.3352, 64.5523, -66.673]
						},
						"0.25": {
							"vector": [0, 0, 0]
						}
					},
					"position": {
						"0.0": {
							"vector": [0, 0, 0]
						},
						"0.25": {
							"vector": [0, 0, 0]
						}
					}
				},
				"right_hand_rotation": {
					"rotation": {
						"0.0": {
							"vector": [0, 0, 0]
						},
						"0.0833": {
							"vector": [20.85464, -22.19786, -103.94762]
						},
						"0.1667": {
							"vector": [-20.33517, -64.55227, -66.673]
						},
						"0.25": {
							"vector": [0, 0, 0]
						}
					},
					"position": {
						"0.0": {
							"vector": [0, 0, 0]
						},
						"0.25": {
							"vector": [0, 0, 0]
						}
					}
				}
			}
		}
	}
}